name,type,parent,boundry
Faridabad,City,Haryana,0103000000010000001B000000FFFFFF179F535340F8E3F8FF957D3C4000000068C9515340B8A7F04D897F3C4000000080A35053402D4A6C7EC27D3C40000000D0814F5340D2284D7C0A7C3C4000000000714E534074818CBBBA763C40000000705A4F5340F249AC1E1F743C4000000018674F53408F8A25BFCD6D3C40000000D4064E53403EDF883BE56A3C4000000070B74C5340B34DD8F69A683C4000000000364D5340D7A18B47DE5F3C40000000409B4D5340B0DD9D6D1F563C4000000040D64E5340FBDB76E4EB4D3C4000000080EF4F5340FF17C291994B3C40000000802A515340C74F44B3E5493C4000000070B15253405D6A3A1B7C483C4000000000D35553404BC9CA7296493C40000000C0E3575340B96AFCA69C4D3C40000000A0105A5340872318F00F593C40000000F0835A534082B1D4F2466C3C40000000D0C15A53401C29CB97A9743C40000000806D59534008632E8465753C40000000806D5953405EA9EF29AE783C40000000500858534078AD5D81F4793C40000000E04B575340233C1997597C3C40000000000E57534001B77D22987F3C4000000080435653409BF8F10108833C40FFFFFF179F535340F8E3F8FF957D3C40
Ghaziabad,City,Uttar Pradesh,0103000000010000004D000000000000B8B2545340B63413C120AD3C400000009CB0545340B7FC54134AAC3C40000000E8AF5453400B1E297CB8AB3C4000000008EB535340DA847723FAA43C40000000200E55534001F5AC138FA13C400000004651555340BAC2464EDFA13C40000000C03D585340E4037C32D4A13C4000000080405953404AE30C2DC1A23C40000000C0A55953405ACE4D9518A13C4000000060325A5340B79C0EF70DA03C40FFFFFF7FF4595340C680A4F3339E3C40000000D0E0595340DD08B201B29B3C4000000020545A5340BF9C60DB1D9B3C4000000020815A53408C555D24F79B3C4000000000195B5340BF9C60DB1D9B3C4000000040245B53403888BE94939A3C40000000A02C5C5340763CD9DE6C9B3C40000000307E5C53402A61B30A0F9B3C40000000C0CF5C534043C55EA03F9A3C4000000028855D53402B5F0D93D49B3C40000000B8305E5340D0C46D108C9D3C400000007C995E5340E86BFD69B99B3C40000000BC2B5F53409F11C31A009E3C400000002CDA5E5340C9C443AE0F9F3C4000000008A45E53407BFC0837AB9F3C40000000E80E5F534001B6217471A13C40000000A0835F53409C300376D3A03C40000000202160534009EB1437FA9F3C4000000030E360534084740CE712A03C400000007822615340522E84F398A13C40000000087461534021FFC0238AA13C40000000C0BB6153400A79CC9BEDA23C40000000A0456153404872026D82A43C40000000EC446153400E28F0FF8CA53C40000000F0E56153406405334B4FA53C40000000E031625340AC5626A6B7A63C400000005067625340B6A83454B8A73C40000000B8686253400B36D374D5AA3C400000005067625340C4E651E216AD3C40000000E865625340AD9DC4E4F9AD3C40000000586E6253402C695AF904B03C40000000A08E635340245BA47776B03C40FFFFFF2FB3635340A715D57BC0B03C40FFFFFF0FB66253403339AFB5CDB63C40FFFFFF3F7B5E5340E4B34C3ED0BB3C40FFFFFF3FF45D5340040682730ABA3C4000000060135B534014CD9831AABE3C40000000C03D585340E19334F20ABB3C40000000806255534062E96DB8F6B93C40000000A0BC5353409349D779C0C43C40000000E06D535340FEF1D97974CC3C40000000700B5353402B8FCBE0CCCB3C4000000030D3525340CE9BFFF708CF3C40000000C877525340A80A94C076D43C4000000058BB5153404E39E222C1D63C400000005826505340C732B86228D63C40000000D0DB4F534023D6F81C5ED43C4000000070004F53402CF2F59A91D33C400000001CEC4D5340A10ADB14D7D53C40000000B8AA4D53401254CA6744D03C4000000028784C53408D17825EAED03C400000006C704C5340C6DAF99C5ECD3C4000000088F94C534051E7878A1DCA3C40000000F0624E534039EEFBE69AC93C4000000014E54D5340C8B8DE3924C83C4000000048374F5340C709590A5DC23C40000000683450534088C2BDF2B4C03C40000000BC6750534038F141156CBD3C40000000CCA2505340947BC4C7F0BC3C4000000088B851534043811BF708BC3C400000009C3A525340268D6F6077B63C40FFFFFFEFB6545340CCA92AB53CB73C40FFFFFF3F7654534026CA15C02EB43C40000000A82B55534018C753C938B03C40000000DC4255534032D06717CEAE3C40FFFFFF2FC254534061A7B7E1D4AD3C40000000B8B2545340B63413C120AD3C40
Noida,City,Uttar Pradesh,0103000000010000004C00000000000014D1525340981A11F22A933C4000000044CE525340ABF5BA8E69943C4000000020A6535340E4F04659C3983C40FFFFFFE5835553400DBF250BD79B3C400000001267555340B164A0C280A03C40000000200E55534001F5AC138FA13C40000000A051555340BAC2464EDFA13C40000000C03D585340E4037C32D4A13C40000000804059534003542F3DBCA23C40000000C0A55953405ACE4D9518A13C4000000060325A5340B79C0EF70DA03C40FFFFFF7FF4595340C680A4F3339E3C40000000D0E0595340DD08B201B29B3C40FFFFFF87555A5340BF9C60DB1D9B3C40000000B87F5A534032092E34F29B3C40000000A8CB5A534099524B708F9B3C40FFFFFF97175B5340BF9C60DB1D9B3C4000000040245B53403888BE94939A3C4000000008205B534025BA1B102B993C4000000080025B53406F3980347E983C40FFFFFFE7D65A5340B71DE8FF3D983C4000000050AB5A53403E4855E4A4973C4000000098905A53400DBEBA7432963C40000000086C5A5340E5254CF167953C40FFFFFF7F7B5A5340D4F2FF066C943C4000000050D85A534092612C3966933C40000000280F5B53403F9A9991A5923C40000000C8145B5340E7A8EC9BFD913C4000000090E35A5340DC61259A06913C40FFFFFFD79B5A53406EEFD8F994903C4000000030165B5340095C3B13948F3C40000000185B5B534039C1DD0D498E3C40000000805C5B5340D5506F04FE8C3C40FFFFFF8F3D5B5340B34335E6078D3C4000000010FA5A5340D287F1F2AA8D3C4000000010CD5A5340BC53A521488D3C40000000B0FF5A5340BF450FAB238B3C4000000008205B534049D94A4E458A3C4000000020625B5340210983F1BA893C4000000060C75B5340EF45BFE06B893C4000000000CD5B5340C10010AD7E883C40000000E0B05B5340FDAB0F5647873C40000000F8C55B534075A77A0FB0833C40000000A0FF5B5340EC1CCD59EA823C4000000078095C534071BFFA015B823C4000000088EA5B534044751B8481813C4000000000CD5B5340BAE61873D9803C4000000070D55B5340B3E1D3B26C803C40000000F0185C5340B215FC2645803C40000000408C5C534033DB9EE10A813C40FFFFFFB79B5C53409C56111EA4813C40000000D8B75C5340B7DEFBB7C6813C4000000050C75C53403F27F5668B813C40000000C8A95C5340C8E6450DFC803C4000000078BD5C5340029997A918803C4000000000085D5340B1B759C167803C40000000305F5D5340B5DE77184A803C40000000E8A65D5340AD48D0A46B7F3C4000000050A85D5340C908465E257E3C40000000B0CF5D53407CEFCCFCEE7D3C40000000A01B5E534066E08489167E3C4000000010CA5D5340C52F97AC5A7D3C40000000804B5D5340815AFEB987793C40000000C87C5C5340191123E3357B3C40000000609A5B5340EC1D4047FD783C40000000608C5A534043281EF3257A3C40000000C0595A53400AC8F7444B783C4000000000BF5A53401C29CB97A9743C40000000806D595340357E31A05B753C40000000806D59534059F59C0DB8783C4000000080055853401801CE9DEA793C40000000E04B575340CC936E7A637C3C40000000000E5753406C3D753F8E7F3C40000000847C555340D58CC00E5F863C40000000341A535340D78332849F8E3C4000000014D1525340981A11F22A933C40
Greater Noida,City,Uttar Pradesh,01030000000100000046000000000000D0185E534066E08489167E3C40000000E0CC5D5340584FFCDFF87D3C4000000050A85D5340C94758A60C7E3C4000000050A85D534007144AB3667F3C40000000305F5D5340B5DE77184A803C4000000000085D5340B1B759C167803C40000000B0C15C5340029997A918803C4000000000AE5C53402EB87647E8803C4000000020CA5C53404DA7615890813C4000000070D55B5340D6B164DE5D803C4000000010085C534003FE843CF4823C4000000030CA5B53402061D42CA6833C4000000010AE5B534064D55E3851873C4000000000CD5B5340233FCDD170893C40000000A01E5B5340C99F4E3F4A8A3C4000000040CA5A53401619054F398D3C40000000B0595B5340483F4E7DD68C3C40000000B0595B534070F7091D448E3C4000000030165B5340362BC3F49D8F3C4000000010A05A5340E0C4F63681903C4000000030165B5340836545ABF8913C4000000050D85A53404A6283FB79933C40000000A06A5A534018DC47D271953C40000000F0B05A53407212FE4187973C40000000E0295B5340AE2A283F1C993C40000000B02C5B53403888BE94939A3C40000000702F5C534074686DFE629B3C40FFFFFF5F7B5C5340CF2B791A0A9B3C40000000F0CC5C534036D01AB03A9A3C4000000090865D5340D672DCA2CF9B3C4000000020325E5340D0C46D108C9D3C40000000309A5E5340DD08B201B29B3C40000000402F5F5340503C72D2EE9D3C4000000050FF6053408F6D671C42973C400000003086635340BA7E7999748D3C40000000F03F625340B37B64C7718A3C40FFFFFF2FB066534085BBFEBFAA753C40000000B04D675340C47603E012723C40FFFFFF7F6F665340307EB07B10703C400000003075655340DC999CC5996F3C400000005056645340247048477D683C4000000040E0625340EAAF9DB21D633C4000000050596153409C4E6E90C35A3C400000007067605340697FF2A4A86B3C40000000D0AD5F5340349E8B708D6D3C4000000080C15F5340E4D7E9843F6E3C40000000F0F65F5340FD39D94792713C4000000040B65F534012E6450262723C4000000090755F534049D7BA394E723C40000000C0455F534020794E2A0A733C4000000090485F534032A9050CDB743C4000000050E35E5340C4C9E887BE753C4000000070A55E53400066254C79753C40000000107E5E5340C9D47EC303763C4000000060C45E534033BE415684763C40000000A0A25E53400667D6ECB6773C4000000080FF5D53407C389204FB763C4000000010CA5D5340B799E27BDE773C40000000D0915D5340C74C9963F3783C4000000040C75D5340EA1C930F1C7A3C4000000080D25D534073032FF21A793C40000000E0265E53405AE1ABD6D6793C40000000B0565E534035A69C63097B3C40000000502F5E53400DE6D0EEE27B3C4000000010CA5D5340E8A16026287C3C4000000060105E534007B0BA078B7C3C40000000502F5E5340F8E3F8FF957D3C40000000C0915E53402AD5D9023D7D3C4000000040A85E53401AC22AC3027E3C40000000D0185E534066E08489167E3C40
Sunk Rock,Island,Mumbai,0103000000010000000B000000000000B93B3552404D801E0543E33240000000103F3552404D801E0543E3324000000048433552402E22586234E33240000000F946355240E950AECF07E33240000000DD4435524050D9F087EEE23240FFFFFFC33F355240D1902F40D5E23240000000513A3552409352E095D4E2324000000046363552402547E63BDDE232400000004933355240255BA683F6E23240000000C232355240B8A1ED1E13E33240000000B93B3552404D801E0543E33240
South Delhi,Zone,Delhi,010300000001000000690000000000001D884753405480B2C8AB7C3C400000004712485340E5E8A95F147C3C40000000A13F485340F3960885127C3C40FFFFFF8767485340233C1997597C3C400000009C8F48534040713BE11E7C3C40000000FE9648534090B77E293D7C3C40FFFFFF63B8485340C6FB821A0B7C3C40000000E8BB485340E2F380D8167C3C4000000014F9485340956D1D698C7B3C40FFFFFF2334495340191123E3357B3C400000008041495340CE3D81E0E77B3C400000004450495340039766255D7D3C40000000246149534047CB41FA6B7D3C40000000AC7E495340C3517BE5227E3C40000000C853495340A19E4655547E3C400000000832495340202E24F27C7F3C40000000587849534026FDDFC1E47F3C40FFFFFFAFC54953400CF9C1BC3D803C400000009CF7495340534BA7655B803C40000000A8454A53406852DFCF62803C4000000000C04A5340100357CABB803C4000000090114B5340A31B03032B813C40000000743C4B534014E3AEEB0B823C4000000014154B534071BFFA015B823C40000000ECF14A53406D7C4C35A0823C4000000044124B534014ADFDAE26843C400000005CFA4A53409868AC2A53843C40000000C0E14A5340E66F919784843C400000008CF74A5340A61F4D9107853C400000002CD04A5340DE66F7CE1D853C4000000080D64A53403298A69BAF853C40000000BCC74A5340CCFC1B7EB9853C40000000001A4B5340878A0C955A893C400000001C764B53401A289DABA18B3C4000000020904B5340F653DC9BA28C3C40FFFFFFC3AF4B53408631F203288D3C4000000060C84B534035204541C08C3C40000000480D4C53403BC7635F7B8F3C4000000048674C5340254B0745078F3C400000006C9D4C5340DD567163FD8E3C4000000028D24C5340DDDC0E83C98E3C4000000044D44C5340F5B9382B698E3C40000000A4FB4C534063708DA5178E3C40000000F4414D534077D292A2958E3C40FFFFFFFB484D5340CD2A8C3A2D903C40FFFFFFC75E4D53402E215BCCC4913C4000000084664D53404DBFEE25C8923C4000000090874D5340FCA99CD87A943C40000000409B4D5340D51E62AFA5953C400000005C9D4D53407359CB9FDB963C40FFFFFF15C54D5340C7076E08E3963C4000000056574E5340B5F12E4B33973C40FFFFFF13F34E534046798E039B973C40000000A8044F53409A291BC5AE973C400000005CD84E53408ED2716845983C40000000A8D74E53405B54A30B329A3C40000000D85B4F5340D8F9FC07889B3C40000000D0544F534059B695FCF29C3C4000000090D04F5340FEA32A2CE49C3C400000002202505340688A9E38F49C3C4000000070E14F5340E0D3CED5DB9E3C40000000C4604F53404CC2965C51A13C400000008076505340FDFBCCEE469D3C40000000EACD525340ABF5BA8E69943C4000000014D1525340F0925D6A2D933C40000000E81A535340D78332849F8E3C40FFFFFF03B2545340EA1E9CED12893C40000000547F555340600A5AD148863C4000000034445653409BF8F10108833C40000000CC9F5353409AE7C678987D3C40FFFFFF1BCA515340A8462ED5867F3C4000000038834F53401ACFD2E6117C3C40FFFFFFB3714E534028A47AADBF763C40FFFFFF07594F534075CD97B317743C4000000080684F534088F5F845CB6D3C40000000D4064E534001E54AC2E26A3C4000000070B74C5340E6786FE99F683C4000000094DF4B53403ABE7E3AB1683C40FFFFFF23AA4B53408E97B570CC683C4000000030714B53405AA2166273683C40000000A8264B5340926A933597673C400000006C084B5340C305EAAFC8673C40000000D8F64A5340312F2DB384683C40000000C8E84A5340C1144B4939693C40000000B4C04A5340C1407B3CCB693C400000006C814A534028CB8621336A3C40000000409E4A5340DD86A737FF6B3C4000000000394A534080CD41A0356E3C4000000058FF495340792C24FC706E3C40000000A0B7495340FBA92128486F3C40000000548B49534002E1D2D0C36F3C400000002C68495340C86614C3C86F3C40000000C01F4953406792AE75886F3C40000000DC9A48534061695BAA89703C400000004028485340123DB62172713C400000006017485340B9FAD0132E723C40FFFFFF53F6475340050A1B2268733C40FFFFFFFBD5475340B749A95693743C40000000C8BE475340A55E349731753C4000000014914753404F8AAFD7B0763C400000005C764753400737C9E48C773C400000007431475340976FE95C22793C40000000484E475340E8BFFD153B793C4000000090604753405834DEBE6E7B3C400000001D884753405480B2C8AB7C3C40
Gurgaon,City,Haryana,0103000000010000005D00000000000014864353404234890C35863C40000000E81B43534011E5566A6A853C400000003CC842534088CC84B128863C4000000020C64253402B7E25F168863C4000000000AA4253404205FD12B3863C40000000687E425340FF15619E04873C40000000340D425340380183C6F6873C40FFFFFFAB95415340A9D459155C883C40000000606941534046A2A281B7883C400000009C2D415340F74946596E893C40000000DC0B41534011770B020A8A3C40000000C0DC405340C37A5521548A3C4000000028574053405066A14D1B8A3C40000000181C4053400090B51686883C40FFFFFF2B17405340F53323F3E7873C40000000C88940534091811D61EE863C4000000058AE405340D02848F392863C4000000008EF4053404C298C6741863C40FFFFFF4B14415340A5C7B7F167853C4000000004A8405340C0671B5CC1833C40000000EC38405340C5BF06B250843C40FFFFFFEFCB3F534023D08F820C853C4000000054B33F5340B277420D5D843C40000000ACA63F5340786048A67F843C4000000080693F5340791B87BF74833C4000000060993E5340A3F3F5E26C853C40000000C0663E5340F62332D8C4843C4000000000BE3D53401536D2344D833C4000000090013D5340AD3A1AEA5E813C40000000D0583C53405643AE927C813C4000000070D73B5340EFAA4E2ACF823C4000000050613B5340B454E4CEC2823C4000000000EE3A5340E0EA91C6C1813C40000000D0963A5340EC1CCD59EA823C4000000070423A53403634726F39833C40FFFFFFFF0C3A5340791B87BF74833C4000000040BE395340E0EA91C6C1813C40000000406439534088CAE700AE813C4000000050183953406811803540803C4000000040B0385340FCD5E9EC58803C40000000408338534029017DDC517E3C40000000A0BB365340A58EF17FE9783C40000000C031375340940F2E73B76F3C40FFFFFF1F863753402F4CC31972673C40FFFFFF5F91375340E1348BFAE0613C40000000203A385340AC0F4C2AEB5A3C4000000020C13853408B4434E5F4533C40000000C02E3A5340AA48B6213B4E3C4000000000DD3C5340EE8375D857473C4000000040313F534018F2164A93473C400000008014495340B71518FEEA533C40000000100C495340EBD771F5385A3C4000000070064953408A8A09918A633C4000000020094B534044107C0ED5673C40000000C0E14A5340C1144B4939693C4000000000C04A534080C2BFB5CD693C40FFFFFF1F824A5340DAA744A8306A3C400000008C9D4A5340DD86A737FF6B3C4000000000394A534080CD41A0356E3C40000000A4FE4953400568FB826E6E3C40000000ECB6495340A7F7681A4D6F3C40000000548B49534002E1D2D0C36F3C400000007867495340C86614C3C86F3C40000000C01F4953406792AE75886F3C40000000DC9A48534061695BAA89703C400000008C274853403E739FA86F713C40FFFFFFAB16485340B9FAD0132E723C4000000048D5475340333CA5DD90743C4000000014BE475340A55E349731753C40000000E8AD475340DC8CD2D6CF753C40000000A8754753400D65BB5D8F773C40000000C030475340976FE95C22793C40000000484E4753400CEBCD0740793C400000005055475340449F13333C7A3C40000000DC5F475340EC3903466C7B3C400000001D884753409861E766AC7C3C40FFFFFF77A547534021005FADB97E3C4000000098674753407A8CED602B7F3C40000000F02D475340D9AEBBA9957F3C40000000A0BA465340B1B759C167803C40FFFFFF14A046534020810679A6803C4000000007454653400DE01E6B43813C4000008022224653402ECA9247CC813C40000000AC54465340FD1BD7C3F1823C40000000A80D465340C8EB313877833C4000000080BD4553400DD84C5FEB833C40000000B4204553408E5F8A30A7843C400000001CC84453408CE502ACD3843C4000000008A04453400D275C1B2F853C40000000E496445340B33F6033D1843C400000001854445340A49971C576853C40FFFFFF4B1144534010F27E561C863C4000000014864353404234890C35863C40
South West Delhi,Zone,Delhi,010300000001000000DF00000000000004273A53405AE996EE86A03C40000000F8053A534041790B27B09F3C40000000302939534045FD645BA0A13C4000000050EB3853401A26EE82BBA13C400000001CF3375340229D4430DB9A3C4000000054CA375340E2A3F1415D9A3C4000000024A037534063ADC9DAF8973C400000005056375340A3F3434EED953C400000006029365340B9A3D280B4953C4000000094B9355340B7BACED91D953C4000000070B0355340CA0727EBB1923C4000000088C53553407C94EF2D4A923C4000000020C43553404488008FD8913C4000000064E9355340EED95BA50A903C40FFFFFFB3023653405D127EC5D68F3C40FFFFFFB302365340CF97DC0C738E3C40000000041C3653405E36E1D3DE8D3C4000000028253653400612698CD18C3C40000000FCC836534004E6DBE70B8C3C400000007018375340E5CA838DAB8B3C400000003454375340969CFA7D328B3C40000000D8733753405A74EBC79B8A3C400000003C88375340518F9EFD37893C40000000DCE7375340B83E505272883C40000000D0F33753400C8F8D7567873C40000000681F385340D58CC00E5F863C400000000CC6385340CB767AB127853C40FFFFFF5B58385340F704405466813C4000000010B338534092C97B04A8803C400000008CAF385340FCD5E9EC58803C4000000050183953406811803540803C40000000406439534075429D79B0813C400000008CBD395340B7DADC4DBF813C400000004C0C3A5340791B87BF74833C40000000BC413A534059681EE83B833C40000000D0963A5340EC1CCD59EA823C4000000000EE3A5340E0EA91C6C1813C4000000004623B5340B454E4CEC2823C40000000D8D83B53408EEA9FB1CC823C40000000D0583C534020D640A177813C4000000090013D5340AD3A1AEA5E813C4000000000BE3D534099F37DAD4F833C40FFFFFF27683E5340F62332D8C4843C4000000060993E534061F3945B6F853C4000000080693F5340791B87BF74833C40000000ACA63F5340105A5A3C78843C4000000008B43F5340B277420D5D843C400000003CCB3F53404B7FEE090A853C40000000EC384053409641BBC04B843C4000000004A8405340C0671B5CC1833C40000000B415415340A5C7B7F167853C4000000054EE4053404C298C6741863C400000000CAF405340CDFEAF7A90863C40000000C88940534091811D61EE863C400000007816405340F53323F3E7873C40000000181C4053400090B51686883C400000002857405340A1701ED5188A3C4000000080A44053404603DA8A5B8A3C400000000CDC405340468F5812598A3C40000000900C415340BEC58E7A0C8A3C400000009C2D415340F74946596E893C40000000146A4153400DE12DFAB9883C400000006096415340A9D459155C883C40000000800C425340BC2EF34DF4873C40000000B47D4253400187F61607873C400000004CA942534033AB2B04B8863C4000000020C64253406B95BE696B863C40000000A4C942534053651F2A2B863C40000000E81B435340A3F3F5E26C853C4000000014864353404234890C35863C40FFFFFF4B114453404600E4DD19863C400000006453445340A49971C576853C40000000E4964453408CE502ACD3843C4000000008A04453400D275C1B2F853C40FFFFFFCFC8445340987CA524D6843C40000000B42045534072012EA9A9843C4000000080BD4553400DD84C5FEB833C40000000A80D465340C8EB313877833C40000000AC54465340FD1BD7C3F1823C400000802222465340DA307CF8CB813C4000000007454653400DE01E6B43813C40FFFFFF14A046534020810679A6803C40000000A0BA465340B1B759C167803C40000000F02D47534001B77D22987F3C400000009867475340DA11B2D92D7F3C40FFFFFFC2874753404C303E70EF7E3C40FFFFFF77A547534009322D0FB97E3C400000000E97475340C4E6690BB37D3C400000001D884753405480B2C8AB7C3C400000004712485340D82374C1137C3C40000000CE3F485340E5E8A95F147C3C40000000B567485340233C1997597C3C40000000F68F485340AC05D0A41D7C3C400000002B9748534090B77E293D7C3C4000000037B8485340C6CDB8B80B7C3C40000000E8BB485340E2F380D8167C3C400000007EDA4853405A081C3FD27B3C4000000014F948534068FD53078D7B3C40FFFFFF2334495340191123E3357B3C400000008041495340CE3D81E0E77B3C400000004450495340039766255D7D3C40000000246149534047CB41FA6B7D3C40000000F87D495340C3517BE5227E3C40000000C853495340A19E4655547E3C40000000083249534080CAE66A7F7F3C400000000C7949534026FDDFC1E47F3C40FFFFFFAFC54953406811803540803C400000009CF7495340D6B164DE5D803C40000000F4444A53406852DFCF62803C400000004CBF4A5340BECF9B51B9803C4000000090114B534024A5BB7B2D813C40000000743C4B534014E3AEEB0B823C40000000C8154B534071BFFA015B823C40000000ECF14A534060A29CBC9D823C4000000018024B534029832EFA60833C4000000044124B53405CF9563624843C4000000010FB4A53409E0252A355843C40000000C0E14A5340E66F919784843C4000000040F84A534020B1AB1805853C400000002CD04A5340D17D56561B853C4000000080D64A5340F8190923AD853C40000000BCC74A5340CCFC1B7EB9853C4000000038F14A5340055726868C873C40000000001A4B5340878A0C955A893C400000001C764B5340505A23339F8B3C4000000020904B5340288D6823A08C3C4000000010AF4B534041C8627C2A8D3C4000000060C84B53401C26B8B9C28C3C40000000B00E4C5340E81901E7788F3C4000000094664C534019A36CBD098F3C40000000209E4C5340B1B40BEBFA8E3C4000000074D14C53400803A80AC78E3C40000000F8D44C5340619DCFB2668E3C40000000A4FB4C534063708DA5178E3C40000000A8424D534001C12A2A938E3C40000000B0494D5340CD2A8C3A2D903C40FFFFFFC75E4D534080310654C2913C4000000084664D53404DBFEE25C8923C4000000090874D53402F3FE1507D943C40000000409B4D53405E7F2437A3953C400000005C9D4D53407359CB9FDB963C40000000F49B4D5340D34F053762973C40000000FA684D5340DA891E1A57973C400000002C464D5340D911D92483983C40FFFFFF8B134D5340203CEE97AF983C40000000FCC14C534013E75D8D8A983C40000000248B4C5340588CEDFA67983C4000000054884C53400B7E33A43F973C4000000010364C5340E52058A1F2943C400000002CDE4B534048D9D35D45953C40FFFFFF03344B5340C156C8CB53963C4000000002CD4A5340B0E2C21FAD983C40000000C0954B53402D7917D3DD9F3C400000006C084B53407C8CC5CB55A23C400000003AC349534088D102ED76A73C400000006071485340D6E66AB45DA13C40000000004A4853400A79CC9BEDA23C40000000D0B7465340517C063CDF9C3C40000000703646534014103E83D99B3C40000000203C455340A8033530829D3C40000000502B445340EAB6FC76979F3C400000007CE143534067897B132A9E3C40000000A4AA4353403FA4D90A059E3C400000001C6043534043A45133209E3C40FFFFFF4F4A435340EB7DDCD09F9D3C40000000887B435340470372306B9C3C40000000E06E435340D672DCA2CF9B3C400000002854435340763CD9DE6C9B3C40000000602B435340BD5DBE666A9B3C40000000A423435340D6FA5BA2079B3C4000000068054353403127C949FB9A3C4000000090FB4253402870A3EE679B3C40000000A88942534074686DFE629B3C4000000054564253404D0D55AA649A3C40000000F81B4253404402FCD5269D3C400000003020425340C828C1E09A9D3C40000000402E4253401992D4B9CE9D3C40FFFFFF3F0142534032A6F3B3479E3C4000000008D0415340399B79BDBB9E3C40000000E8D2405340216216B7D29F3C40000000308B405340EAB6FC76979F3C40000000F025405340E0AA974855A33C400000009418405340FC0A591F4CA43C400000003CF83F5340DD86529EAAA53C40000000A4F93F5340EF0CDA844DA63C40000000801D40534026A1AA0DBFA63C40FFFFFF07E13F5340570A7CFD37A73C40FFFFFF23B63F53404FFCEB2878A73C4000000030AA3F534035D3A6BBBFA73C400000008C8A3F5340B1D361D604A83C40000000108E3F5340AB9C873C80A83C40000000D4423F5340B995DFA620A93C4000000034B63E5340338290187DA73C40000000048C3E5340CCDE217947A83C4000000094563E5340E547EFF049A83C400000005C253E5340AB9C873C80A83C4000000010263E5340CE9F7641A5A83C40000000DCE13D5340ED02076CE5A83C400000002CA13D5340FBEB06BC40A93C4000000060D73C5340A56D0AA65FAB3C4000000068DE3C53404BE6D3ADA9AB3C400000008CBA3C5340C83E8590D8AB3C400000007C7F3C534064E7424EECAB3C400000002C663C53409C647004B6AB3C4000000084FF3B5340FD2F23118CAB3C40000000E8B93B5340906E24CB48AA3C400000005CAF3B534000CB05286DA93C4000000058953B5340B2D341B9A7A83C400000002C2B3B53403FAC000D4BA63C4000000084783B534013A953D34CA53C4000000058953B53402E97924C8CA43C400000004C283C534055ED8A6688A23C40000000A4753C5340CD17386114A23C40000000AC4F3C5340F8DB824693A03C40000000F4343C5340B79C0EF70DA03C40000000C4DD3B534047D41994519E3C40FFFFFF03BC3B534038CCCAF4829E3C40000000E0583B5340CCA707BFA89F3C40000000F4263B53400559648EA4A03C40000000ECF23A534001B6217471A13C40000000E0D13A534069963A3BAAA13C40000000B8813A5340754E9342CFA13C4000000004273A53405AE996EE86A03C40
West Delhi,Zone,Delhi,01030000000100000061000000000000508B3E5340CCDE217947A83C4000000094563E5340E547EFF049A83C4000000010263E5340AB9C873C80A83C4000000010263E5340CE9F7641A5A83C40FFFFFF27E13D534019B4D0E3E7A83C400000002CA13D5340FBEB06BC40A93C4000000060D73C5340A56D0AA65FAB3C40000000B4DD3C534095D31A36A7AB3C4000000010183D5340F61CF58469AB3C40000000A4293D53409656202DF6AB3C40000000C8323D53400F52DA3197AD3C4000000078463D5340B77755FB21AF3C4000000038683D53400CD697E809B03C40FFFFFF17A63D5340C5798C922AB13C400000009CA93D5340A93357DB85B13C4000000034D53D53401728BBC492B23C4000000024F43D5340E6D12651FFB23C400000008E023E53406AA6B9AEF6B23C40000000841B3E53408D88766444B33C40000000A8513E53402974F8FE61B33C4000000094833E5340ACEDBD0E38B33C40000000247B3E53408A180D62FAB23C40000000EC763E5340B8888C4EB5B23C4000000010803E53401E45A509A4B23C40FFFFFFDF823E5340699EFE2975B23C40000000ECA33E534090C396591CB23C4000000024A83E534006DA2547FCB13C400000008C033F53402EBBFAA967B03C400000009C983F5340B64375B0C6AE3C400000003004405340E14ABB48DCAD3C400000000421405340594F6EF5F4AD3C400000003C7F405340EF1840AFA9AF3C400000003CAC4053400CB43A04BEB03C40000000CCD04053406CBFD968F2B13C40FFFFFF6F4A415340B3E992CFF9B13C4000000024FF415340D02B872850B23C400000006077425340B8888C4EB5B23C4000000080C0425340CAA302272BB23C40000000B8F1425340698A11A76FB13C40000000106C435340B7C64C8CABAE3C4000000030E2435340326278DE7DB03C40000000CCFA435340CDEC35AEB1B03C40FFFFFFFB51445340C0674729D1AF3C400000000CBA445340D033A10E4AB03C4000000064DA445340F61AA60E42AF3C4000000004C14553406EE7C191F5AE3C4000000010E245534087259F37A7AF3C4000000054BB465340BF391C5453AF3C40000000C44A47534041FDBA833CAE3C40FFFFFF77A5475340653C6C5795AE3C400000008CCD475340FB969DEA26AF3C40000000102B4853407A4000A857AE3C40000000C872485340506F110C3AAE3C40FFFFFF6B9248534021A8F303AEAE3C40000000B8AD4A5340BA44AA3B8AAC3C40000000A0984A534088AB9162A8A93C4000000094C34953404FFCEB2878A73C400000006071485340679E7CC458A13C40000000004A4853400A79CC9BEDA23C40000000B4B54653403F19E24BDA9C3C400000007036465340415256FBDB9B3C40000000D43C4553403C4A43A8849D3C40000000502B445340EAB6FC76979F3C4000000098E343534087DD858B2C9E3C400000000CAC4353405962CE92029E3C400000001C60435340D7335CAB229E3C40FFFFFF4F4A435340EB7DDCD09F9D3C40000000887B435340470372306B9C3C40000000E06E4353406EF0F41AD29B3C400000002854435340BD5DBE666A9B3C40000000AC2A435340BD5DBE666A9B3C40000000F022435340D6FA5BA2079B3C400000006805435340D00E043A009B3C4000000090FB4253402870A3EE679B3C40000000A8894253404F4E5286609B3C40000000085742534009F93332629A3C40000000F81B425340A46E0C4E299D3C400000003020425340EE67B368989D3C400000008C2D4253404C09C841CC9D3C40000000F40142534089F5E93B459E3C4000000054CF415340399B79BDBB9E3C40FFFFFF9BD3405340216216B7D29F3C40000000308B405340EAB6FC76979F3C40000000605B405340FE4C18EC73A13C40000000A426405340E0AA974855A33C400000009418405340FC0A591F4CA43C400000003CF83F5340DD86529EAAA53C40000000A4F93F5340EF0CDA844DA63C40000000801D40534026A1AA0DBFA63C40FFFFFF07E13F5340570A7CFD37A73C40FFFFFF23B63F53404FFCEB2878A73C4000000030AA3F534035D3A6BBBFA73C40FFFFFF3F8B3F5340B1D361D604A83C40000000108E3F5340AB9C873C80A83C40000000D4423F5340B995DFA620A93C4000000080B53E5340338290187DA73C40000000508B3E5340CCDE217947A83C40
Thane,City,Maharashtra,0103000000010000003C00000000000078FC3C52404084462AFE443340000000580D3D5240D1FE1773F5473340000000A0003E5240F8E2D9B2314B334000000040413F5240E4FDE6370F443340FFFFFFAFD03F524035ED908D12413340000000A8F63F52401CEE4B92EF3E3340000000A04940524054C995F3B0383340000000E035415240AA50379D78363340000000B0EC41524027EE55DAB231334000000074174452408E733B6E65343340000000E05F44524076C29806D732334000000040B4445240034F879A9D31334000000088204552406EFBD86BCE30334000000090FA445240E1EAEC4B9A2F3340000000C09D4452408111CE6B7A2F3340000000D07E445240FC1B097CBF2F3340000000DC454452406E47A23B552F3340000000682344524069AAF343A22F3340FFFFFFAB1B445240B564BF236D2F3340000000301F4452409285ECAAE52E3340000000C0CA445240F19D44BDC82B3340000000E0E64452401CCE39537F2A3340000000E0B94452402CFA360CC02933400000005842445240818C18DF8B283340000000105D445240A92E756489253340000000C043445240303B6CF1CB223340000000702A445240CA5C81AE88203340000000D8B2445240672662897A1E3340000000C0CA445240332188CA511C3340000000584244524000A605D5221B3340000000B80F44524021944C25AC1C334000000010D64352402574D4974B1D3340000000D09D435240ECF74AF1C41E3340000000802A43524021B4FA1B6E203340000000804942524052F8D21DE2213340000000C820415240A638B2E15E253340000000D0A04052402EA25A6C51283340000000A0764052403E560B6F0A2A33400000009CB64052406AAFD43EEC2A3340000000B0B1405240C36444F2972C3340000000B8B84052405A061F7C69303340000000903B405240F733A23BFE303340000000C8E53F5240AFF9A8EBF8303340FFFFFF0FCB3F5240AA8F054C9930334000000030BA3F52406FA3D3BB7F2F3340FFFFFF57B03F5240EA239F7AC02E3340000000804C3F524053898C38012E334000000044D43E5240F65AA0CFBE2D3340000000B03B3E524049AC4F6F182C3340000000C0EF3D52405713838EF82B334000000018E33D52405A15B503DD2C3340000000609B3D5240F3993F26672D334000000090E43C524038CC22DC5E303340FFFFFF4F523C5240078125C2C0333340000000908A3C52406DDF2D8599353340000000709B3C524047F7780708373340FFFFFFCFD03D5240E252AD82993F3340000000D0FD3D5240F831BF4FFD403340000000B0B43D524024BE0054AA43334000000078FC3C52404084462AFE443340
North West Delhi,Zone,Delhi,010300000001000000710000000000008894485340B7C64C8CABAE3C400000006071485340506F110C3AAE3C40000000102B4853407A4000A857AE3C400000008CCD475340FB969DEA26AF3C40FFFFFF77A5475340653C6C5795AE3C40000000C44A4753404F7C64FB3EAE3C4000000008BC465340BF391C5453AF3C400000005CE14553403423FEBFA4AF3C40000000B8C145534095B51C1AF3AE3C4000000018DB445340F61AA60E42AF3C400000000CBA445340F1503E864CB03C400000004851445340335EE7A0D3AF3C4000000080FB435340D298D025B4B03C40000000E4E2435340C546145680B03C40000000C46C43534021A8F303AEAE3C4000000004F14253404BBCA71E72B13C4000000034C1425340CAA302272BB23C40FFFFFF1378425340AD0D1BC6B7B23C40000000D8FF415340D02B872850B23C40000000BC49415340B3E992CFF9B13C4000000018D04053406CBFD968F2B13C400000003CAC405340A715D57BC0B03C400000003C7F40534087259F37A7AF3C400000000421405340594F6EF5F4AD3C4000000098054053406E976359D7AD3C400000009C983F534022F7CE38C4AE3C400000008C033F5340BE415E3265B03C4000000024A83E5340B8635C0BFBB13C4000000046A43E534090C396591CB23C4000000086823E5340699EFE2975B23C4000000010803E53401E45A509A4B23C40000000EC763E5340B8888C4EB5B23C40000000247B3E5340E0A04626F9B23C40000000EE833E534084A7834A39B33C4000000002523E534070AFBD3A63B33C40000000841B3E53408D88766444B33C40000000E8023E53406AA6B9AEF6B23C4000000024F43D5340E6D12651FFB23C40000000E4AD3C534039FCBDB55EB63C4000000098DB3C5340F530B36FBFB73C4000000068383D53402D5FE0BC62B93C40000000706C3D534089718F06BCBA3C40000000A8703D53404AD3A1308BBB3C40000000605E3D5340DB7777D237BC3C4000000060313D53408CEDD161E9BC3C40000000C0583D534099C792E52EBE3C4000000020F93C5340C13FF0C7A0BF3C4000000088733C5340D93650C808C13C40000000088A3C53401CF97B9FEBC13C40000000ACA93C5340EAF6C3177DC23C40FFFFFFDBD33C534045F175324CC33C40000000F8023D5340266994FCE9C33C40000000F0283D5340A26BA14E85C43C4000000080203D53404BBB6B8105C53C40000000D4CC3C5340FAAF191686C63C400000001CB23C534080B7D993A1C73C40000000D8E63C5340D095D82E87C93C40000000840D3D5340FCEE91C453CA3C4000000078BF3C53402A7DA4CB8CCB3C4000000014AB3C53400FA5DDF2C7CB3C4000000018983C534006285E9B25CC3C40000000346D3C5340D11F665D59CC3C40FFFFFF8F4D3C5340D29740C260CC3C40FFFFFFA7623C534030500AA539CD3C40FFFFFF9F883C5340ED03DC57FCCD3C4000000064973C5340B1D5DE12DFCE3C400000004C823C534097DBE3814BCF3C40FFFFFF6B9E3C5340C231318CF5CF3C40000000F0A13C5340E126A6DE46D03C40000000B4B03C5340293B36C370D03C4000000078BF3C53408783A9F9EBD03C400000001CDF3C5340EC6A5C6F78D13C40000000C88C3D5340773E8F1E9DD03C40000000D0C03D53400163691BF6D13C400000003CAF3D5340E2C957CF93D23C40000000C8B93D534060286FDE18D33C4000000094CF3D5340385499EAE2D33C40000000342F3E53402B5B0DFDDDD33C40000000CC5A3E5340832E84DC5DD33C4000000038763E5340E35A5C21A0D23C40000000D4BB3E5340E4162B3556D23C4000000010073F5340D73D4DFF98D33C40000000E4233F5340186B04F867D43C40000000542C3F534033FBCEE0A0D53C4000000048383F5340D4A377183CD63C400000001004425340D4A377183CD63C40000000982F435340AD3C4A948CDF3C400000003C30445340C7374FF373DF3C40FFFFFFFBD844534000D5F41663E23C400000000854455340C5D48AC7E2DF3C40000000DC40485340AF0FCA7C24DB3C4000000018E6485340E5B7C2FB74D73C40000000F0844A53401A78077753DC3C40000000A4C04B53403D5BA610B1DC3C40000000D0654D5340FB01009FE4DB3C4000000018784D5340836B7B2B55D83C400000001CEC4D5340A10ADB14D7D53C40000000B8AA4D5340E126A6DE46D03C4000000074774C534094685BD5B0D03C400000006C704C53407439E71361CD3C4000000084D14B5340266EBF21D2CC3C4000000048864B53403E738EF77CC83C40000000EC3D4A534065D21D761CC73C40000000E4094A5340A6E9488658C33C400000007C274953403D111D20F0C03C40000000743C4B53406632759E46BC3C40000000B0684C53409175697CE3BA3C40000000184B4D5340308E928292B63C40000000408D4C53409FDFEC5288B13C4000000038784B534098A344D706AF3C40000000E0A34A5340EED99F5F04AF3C400000006CAE4A5340BA44AA3B8AAC3C400000008894485340B7C64C8CABAE3C40
North Delhi,Zone,Delhi,0103000000010000001A000000000000980A4A5340A6E9488658C33C40000000EC3D4A534065D21D761CC73C4000000094854B53403E738EF77CC83C40000000D0D04B53400BAECEAACFCC3C4000000040C84D5340B8AE6D07D7BF3C4000000028944E534042F0CE460DC03C40000000803B4F5340353FEB95DABC3C40000000B85E4E5340A131CE7F81B23C40FFFFFF3F7C4E5340CBCBCB10E3AC3C400000008E3C4F5340CD86D98B15A93C4000000008864F5340F6FA3E6457A63C40000000E8204D5340C2507526A8A53C40FFFFFFD1184D53401DBAE06F15A73C40000000A05A4C5340085DABC9A2A83C400000000E1B4B53407D3B683250AA3C40000000A0984A5340E218AF26A7A93C40000000B8AD4A5340BA44AA3B8AAC3C400000002CA34A5340EED99F5F04AF3C4000000038784B534098A344D706AF3C4000000070034C5340D033A10E4AB03C40000000408D4C5340AB7C82CA8AB13C40000000184B4D5340308E928292B63C40000000B0684C53409175697CE3BA3C40000000283D4B53403963202744BC3C400000007C274953403D111D20F0C03C40000000980A4A5340A6E9488658C33C40
North East Delhi,Zone,Delhi,0103000000010000001A000000000000D0D04B5340266EBF21D2CC3C4000000020714C53407439E71361CD3C40000000D4F84C534051E7878A1DCA3C40000000F0624E534039EEFBE69AC93C4000000014E54D5340C8B8DE3924C83C4000000048374F5340C709590A5DC23C40000000B43350534088C2BDF2B4C03C40000000BC67505340220FF49D69BD3C40FFFFFF17A2505340CB37153FF3BC3C4000000088B85153409B3DC57F06BC3C40FFFFFF4F3B525340268D6F6077B63C40FFFFFFEFB6545340CCA92AB53CB73C40FFFFFF3F7654534026CA15C02EB43C40000000A82B555340684CF1403BB03C40000000DC4255534045E10D8FD0AE3C40FFFFFF2FC254534061A7B7E1D4AD3C40000000B8B2545340FA62C33823AD3C400000009CB0545340B7FC54134AAC3C4000000000305353402EED34AC42AC3C40000000E83C4F53403BD0BDC716A93C40FFFFFF3F7C4E5340A51A1A99E0AC3C40000000B85E4E5340A131CE7F81B23C40000000803B4F534084813C0DDDBC3C4000000028944E534042F0CE460DC03C40000000F4C84D5340B8AE6D07D7BF3C40000000D0D04B5340266EBF21D2CC3C40
East Delhi,Zone,Delhi,0103000000010000000D0000000000008E3C4F5340CD86D98B15A93C400000000030535340BCA30FE843AC3C40000000A8F0535340BCA30FE843AC3C400000009CB0545340B7FC54134AAC3C40000000E8AF5453400B1E297CB8AB3C4000000008EB535340DA847723FAA43C400000006C67555340B164A0C280A03C400000008C835553400DBF250BD79B3C4000000020A65353407181311DC2983C4000000044CE5253408671985268943C40000000C4604F534097109B2050A13C4000000008864F5340F6FA3E6457A63C400000008E3C4F5340CD86D98B15A93C40
Central Delhi,Zone,Delhi,010300000001000000220000000000006C084B53407C8CC5CB55A23C400000003AC349534088D102ED76A73C40000000A0984A5340E218AF26A7A93C400000000E1B4B53407D3B683250AA3C40000000A05A4C5340085DABC9A2A83C40FFFFFFD1184D53401DBAE06F15A73C40000000E8204D5340C2507526A8A53C40000000AE854F5340F6FA3E6457A63C40000000C4604F53404CC2965C51A13C40000000CAE14F5340E0D3CED5DB9E3C40000000C801505340688A9E38F49C3C4000000090D04F5340A69F21F0E29C3C40000000D0544F534059B695FCF29C3C40000000D85B4F5340D8F9FC07889B3C40000000A8D74E5340CB3392CF309A3C40FFFFFF01D84E534007B988A446983C4000000002054F53409A291BC5AE973C40FFFFFF13F34E5340B18E75C799973C40000000FC564E5340B5F12E4B33973C40FFFFFF15C54D5340DF178944E4963C40000000029D4D53407359CB9FDB963C40000000F49B4D534072BAEBFA60973C40FFFFFF53694D5340DA891E1A57973C400000002C464D534055E1C2E881983C40000000E6134D53404891D85BAE983C40000000FCC14C5340D5CC475189983C40000000CA8A4C5340240AD7BE66983C4000000054884C53400B7E33A43F973C4000000010364C5340500579DDF3943C4000000086DE4B534048D9D35D45953C40FFFFFFA9334B5340C156C8CB53963C4000000002CD4A5340B0E2C21FAD983C40000000C0954B53409B85170FDF9F3C400000006C084B53407C8CC5CB55A23C40
Mumbai,City,Maharashtra,01030000000100000082000000000000080E3252408394981AC7413340000000C0363352408F13854C2F3F3340000000206C3452405F38F473973C3340000000C09E3452401CEE4B92EF3E3340000000080B355240B0B75E724340334000000008653552403F0FB69E68403340000000D8943552404440B0E5C2403340000000A8973552400E53D9E55C413340000000A06335524031FD705776423340000000106C3552400E7A62AD5A433340000000A897355240B4DA07142F44334000000048CA355240255EF922B9443340000000A81E365240BF53A4AFD3443340000000D8CF3652409E892DDE5E443340000000D8DD3752404D1F0DC9F5423340000000B848385240B5D12FF42D45334000000080CB385240112E3EBF4A433340000000D0A63A524098747A204043334000000078FC3C52404084462AFE443340000000B0B43D524024BE0054AA433340000000D0FD3D524026554A00F8403340FFFFFFCFD03D5240E252AD82993F3340000000089A3C524047F7780708373340000000908A3C52406DDF2D8599353340FFFFFF4F523C5240B3C00712C633334000000090E43C5240506D248C59303340000000609B3D5240F3993F26672D3340000000B0E13D52405A15B503DD2C3340000000C0EF3D5240749AA5DEFD2B3340000000B03B3E524049AC4F6F182C334000000044D43E52401051AA77C12D3340000000B8F63E5240C1BBD117CC2D334000000048C13E524056A6FEA1CB28334000000000AF3E524028B89FF15D26334000000020EA3D5240D9656A67FF1E334000000028973D52406AB9EB1EF21B3340000000606E3D5240566397675419334000000040523D52407CC8E0CC8D143340000000906B3D524038B8667F1A12334000000070A93D52400940FEB0D10F334000000080B73D52406E64A105BE0D3340000000309E3D524030CD5D82B609334000000050333D52409AA02784A306334000000030283B5240AAEA47E8A700334000000078863A5240471C21A723FF324000000010FE395240B33CD12274FE324000000040FB3952406E8A70629FFD3240000000104A39524060BF90AF9EFE324000000050A13852404AE0C2C209FE3240000000E06B385240E410BA2F32013340000000D07C375240E3AB0D5C7D003340000000500C375240685E31BF94FD32400000008C2A375240009CE3B833FB324000000028E936524061A52CFF4EFA3240000000AC92365240FC500469B3F732400000004077365240D6696AC817F53240000000585F365240CB579AE762F432400000003C03365240833E0D9013EF3240000000F41D365240CAAF1EBB24ED3240000000F41D3652407749E693D7EC324000000078C73552406C7C87166BEB3240000000C8B3355240B255D07658EB3240000000A83D355240D09FBF1E39EA3240000000041E355240DD14FE71A9E93240000000F8FC3452403932D0AD41E93240000000ACD03452402EE34FFB24E8324000000090A13452401E003136BDE7324000000044753452405C03FA2B38E73240000000D46C345240C9F7A37CA8E63240000000144B345240B330AF42DEE532400000006C11345240E66B995684E43240FFFFFFCB2A3352400F328868A6E03240000000883233524076118C2960E23240000000286533524092E22E8234E43240000000B082335240D4055519F4E43240000000205E33524036C2851C89E53240000000A0743352406EB04E162EE63240000000286533524014F5FB2248E73240000000885F335240771D144932E83240000000D0713352407CDBC72407E932400000003881345240E0D81F2B14EE3240000000589D345240FB5E23E218EF324000000098A83452408DF18F971DF0324000000050963452404D28B0B38CF13240000000785F3452404BD310F5BBF23240000000180B3452401B764A34EBF33240000000F8C133524076AE47AF35F43240000000A074335240F9086CB81BF33240FFFFFFAF55335240805E18A3B6F23240000000203133524099A154C186F2324000000020043352404908BB43B7F1324000000090DF32524009C91C1E58F0324000000070C33252406481D23138F0324000000050A732524040D410CC52F0324000000030B83252404908BB43B7F13240000000E8A532524058BDA6AB21F23240000000E09E32524085529F1E01F33240FFFFFFFF14335240D93A01298AF53240000000182A335240258C43E96EF6324000000018573352402B6C512C8EF73240FFFFFFF73A33524047707DF7DDF732400000001857335240520AD88902F93240000000B082335240C866E15AC7F932400000004881335240DCDAD7357CFA324000000048AE3352409752C1B8B6FA324000000038A03352401AD117383800334000000098F4335240CF00CC88B9053340000000203F34524030A72507560A33400000008039345240BE99619E4A0B3340000000A082345240B00D5A68180E33400000000857345240DEA7E368570F3340000000A082345240B6972B33D61033400000000857345240D30D490ED913334000000040B5345240BBCC233A6C163340000000587034524068DA0A84A11C3340000000208B33524004C3425FB1223340000000C036335240DB3D2DAF13233340000000C8E33252406A08F806E3203340000000A8E63152406A08F806E3203340000000A0DF315240D53DF7061123334000000078433252402236240594253340000000A8B9315240ADA71220A12833400000005020325240D3920B08DC2D3340000000109C325240E827E87BBE303340000000D00932524004FF6D6B23313340000000D889315240D52C667CAA3433400000007088315240C4D9E68744353340FFFFFF1F9C31524072411C63DA393340FFFFFF77BC31524020C31FEA163D3340000000080E3252408394981AC7413340
Elephanta Island,Island,Mumbai,0103000000010000000E000000000000B89F3B5240F0EE81B925F4324000000028213B52406071C75BBFF5324000000030283B5240232E996DA9F63240000000D05A3B524036189473A3F7324000000088A23B52400E3E527B18F83240000000B0C53B524073B67C5B48F8324000000040EA3B5240B42FC242EDF83240000000E01C3C5240EE734DE6F7F8324000000008403C5240FC39BE828DF8324000000060603C5240771C79564EF73240FFFFFFFF0B3C5240CA95E709BAF5324000000090033C5240DE4BB3C39AF4324000000038E33B5240A96BABD770F33240000000B89F3B5240F0EE81B925F43240
Butcher Island,Island,Mumbai,0103000000010000001300000000000050AF3952403AA641A5D6F63240000000089D39524051959301CCF63240000000549C395240AD7F0F7899F63240000000F88E3952408D7A5A0347F63240000000908D395240D061AF93ECF53240000000C891395240941B55FB4CF53240000000CCAB3952403E6063524AF53240FFFFFFB7B039524076D4C3CC94F53240000000ACBC3952406E94A6E66CF53240000000C8BE395240CFC38F9065F43240000000E0D3395240ECE0A43E60F43240000000B8DD395240EA56949ADAF43240000000A0F5395240D3B4F652C5F43240000000E8073A524099C2978F6FF5324000000048023A5240B2869E3CEFF53240000000E8DA395240941E91083FF6324000000048D5395240554DD1DE7EF6324000000098C1395240CF0BF9B4BEF6324000000050AF3952403AA641A5D6F63240
Cross Island Battery,Island,Mumbai,01030000000100000007000000FFFFFFED7D365240FB7759DEDFF232400000009A773652409EFB2DADA6F232400000008082365240DBE5EE7B6DF23240000000DC8F365240CD6F3104A4F23240000000A48B3652402616F593CEF2324000000012873652402145D732E1F23240FFFFFFED7D365240FB7759DEDFF23240
Dolphin Rock,Island,Mumbai,01030000000100000008000000000000DF7E355240B9422801D9E932400000802B763552406C5F4370ACE932400000806677355240D787293284E93240FFFF7F7C7F355240636CF13B73E932400000005D883552409E64B52E8AE93240000080518C3552406EC40FBFB7E932400000809287355240D38753AED4E93240000000DF7E355240B9422801D9E93240
Oyster Rock,Island,Mumbai,010300000001000000090000000000805DF9345240FBAEE82F31E7324000000037EB345240098508A5F8E6324000000086E73452405AB3CBB0E3E63240FFFFFFA1E93452403E65E35DDFE6324000000064EB345240598E27B4DDE63240000000A1F93452400B84C1ABECE63240000000ACFD345240F3B642990DE7324000008000FC345240E1398C8929E732400000805DF9345240FBAEE82F31E73240
